risk_profile,experiment_group,assigned_users,purchase_rate,retention_30d_rate,retained_aum_90d_per_user,redemption_rate_among_buyers,complaint_rate,campaign_cost_per_user,proposed_for_next_test
cautious,control,724,0.0235,0.134,23.61,0.0588,0.0014,0.0,0
cautious,education_content,722,0.0748,0.2008,81.43,0.0741,0.0014,0.43,1
cautious,product_recommendation,721,0.0652,0.1484,64.88,0.0851,0.0125,1.16,0
balanced,control,847,0.0425,0.1594,51.48,0.0833,0.0012,0.0,0
balanced,education_content,847,0.0626,0.1854,102.67,0.1132,0.0,0.43,0
balanced,product_recommendation,846,0.0721,0.1643,137.11,0.1639,0.0095,1.16,1
aggressive,control,363,0.0441,0.1267,28.16,0.125,0.0028,0.0,0
aggressive,education_content,362,0.058,0.2072,120.31,0.1429,0.0028,0.44,1
aggressive,product_recommendation,361,0.072,0.1745,61.68,0.1923,0.0083,1.15,0
